{
  "merc_bbox": {
    "x0": 16111620.31100828,
    "y0": -4534045.183975844,
    "x1": 16116186.638025122,
    "y1": -4532409.420328034
  },
  "image": {
    "w": 1600,
    "h": 573
  },
  "source": "Esri World Imagery",
  "attribution": "Imagery \u00a9 Esri"
}