{
  "merc_bbox": {
    "x0": 16112471.83180272,
    "y0": -4534032.601178553,
    "x1": 16115335.117230682,
    "y1": -4532422.003125325
  },
  "image": {
    "w": 1600,
    "h": 900
  },
  "source": "Esri World Imagery",
  "attribution": "Imagery \u00a9 Esri"
}